{"initial_reset_timestamp": 1530511245.199407, "timestamps": [1530511246.445324], "episode_lengths": [15], "episode_rewards": [15.0], "episode_types": ["t"]}