{"initial_reset_timestamp": 1530278000.402785, "timestamps": [1530278003.8968344], "episode_lengths": [268], "episode_rewards": [-267.0], "episode_types": ["t"]}